{"content":[{"id":"16b6ee25","settings":{"hide_desktop":"hidden-desktop","hide_tablet":"hidden-tablet","hide_mobile":"hidden-mobile"},"elements":[{"id":"1a53723b","settings":{"_column_size":100,"_inline_size":null,"__dynamic__":{"column_link":"[elementor-tag id=\"3d05f9a\" name=\"acf-url\" settings=\"%7B%22key%22%3A%22field_62fa5668f4475%3Adocument_or_material_archive_link%22%7D\"]","dynamicconditions_value":"[elementor-tag id=\"7febaf0\" name=\"acf-url\" settings=\"%7B%22key%22%3A%22field_62fa5668f4475%3Adocument_or_material_archive_link%22%7D\"]","dynamicconditions_dynamic":"[elementor-tag id=\"57c2f43\" name=\"acf-url\" settings=\"%7B%22key%22%3A%22field_62fa5668f4475%3Adocument_or_material_archive_link%22%7D\"]"},"dynamicconditions_visibility":"show","dynamicconditions_condition":"not_empty"},"elements":[{"id":"36aa8cf9","settings":{"typography_typography":"custom","typography_font_family":"Roboto","typography_font_size":{"unit":"px","size":28,"sizes":[]},"typography_font_weight":"600","__dynamic__":{"editor":"[elementor-tag id=\"e9b36d6\" name=\"post-title\" settings=\"%7B%7D\"]","dynamicconditions_value":"[elementor-tag id=\"d8ac34f\" name=\"acf-url\" settings=\"%7B%22key%22%3A%22field_62fa5668f4475%3Adocument_or_material_archive_link%22%7D\"]"},"__globals__":{"text_color":"globals\/colors?id=primary"},"dynamicconditions_visibility":"show","dynamicconditions_condition":null},"elements":[],"isInner":false,"widgetType":"text-editor","elType":"widget"},{"id":"592083fc","settings":{"icon_list":[{"_id":"18d8cbf","type":"custom","custom_date_format":"F j, Y","custom_time_format":"g:i a","show_icon":"custom","__dynamic__":{"custom_text":"[elementor-tag id=\"df77301\" name=\"acf-text\" settings=\"%7B%22key%22%3A%22field_6303c1aa13196%3Apdm_title2%22%2C%22before%22%3A%22%3Ch2%3E%22%2C%22after%22%3A%22%3Ch2%3E%22%7D\"]"}}]},"elements":[],"isInner":false,"widgetType":"post-info","elType":"widget"}],"isInner":false,"elType":"column"}],"isInner":false,"elType":"section"},{"id":"4cddecc8","settings":{"css_classes":"archive-links-repeater"},"elements":[{"id":"4e3eea1b","settings":{"_column_size":100,"_inline_size":null},"elements":[{"id":"38600f9f","settings":{"icon_list":[{"_id":"8739522","type":"custom","custom_date_format":"F j, Y","custom_time_format":"g:i a","__dynamic__":{"custom_text":"[elementor-tag id=\"fc59a34\" name=\"acf-text\" settings=\"%7B%22key%22%3A%22field_6303c1aa13196%3Apdm_title2%22%2C%22before%22%3A%22%3Ch2%3E%22%2C%22after%22%3A%22%3C%2Fh2%3E%22%7D\"]","custom_url":"[elementor-tag id=\"e471cf0\" name=\"acf-url\" settings=\"%7B%22key%22%3A%22field_62fa5668f4475%3Adocument_or_material_archive_link%22%7D\"]"}}],"_css_classes":"repeater_archive_outer"},"elements":[],"isInner":false,"widgetType":"post-info","elType":"widget"}],"isInner":false,"elType":"column"}],"isInner":false,"elType":"section"}],"page_settings":[],"version":"0.4","title":"Document or Material Archive New Loop","type":"loop"}