{"content":[{"id":"335a70f7","settings":{"layout":"full_width","height":"min-height","custom_height":{"unit":"px","size":300,"sizes":[]},"background_background":"slideshow","__globals__":{"background_color":"globals\/colors?id=primary"},"background_slideshow_gallery":[{"id":163,"url":"https:\/\/abmrc.com\/wp-content\/uploads\/2021\/02\/Screen-Shot-2020-12-30-at-2.58.42-PM-Frame.png"}],"css_classes":"hide_top_footer"},"elements":[{"id":"d39c87a","settings":{"_column_size":100,"_inline_size":null},"elements":[],"isInner":false,"elType":"column"}],"isInner":false,"elType":"section"},{"id":"120b39ee","settings":{"background_background":"classic","margin":{"unit":"rem","top":"","right":0,"bottom":"","left":0,"isLinked":true},"padding":{"unit":"rem","top":"2","right":"2","bottom":"2","left":"2","isLinked":true},"__globals__":{"background_color":"globals\/colors?id=accent"},"css_classes":"hide_top_footer"},"elements":[{"id":"5e9ca32f","settings":{"_column_size":100,"_inline_size":null},"elements":[{"id":"5c66bd0","settings":{"title":"join our mailing list","typography_typography":"custom","typography_font_family":"Roboto","typography_font_weight":"300","__globals__":{"title_color":"globals\/colors?id=e7dc6eb"}},"elements":[],"isInner":false,"widgetType":"heading","elType":"widget"},{"id":"64dd836f","settings":{"form_name":"New Form","form_fields":[{"custom_id":"name","field_label":"Name","width":"40","_id":"0b8dffb"},{"custom_id":"email","field_type":"email","required":"true","field_label":"Email","width":"40","_id":"7be4350"}],"button_width":"20","step_next_label":"Next","step_previous_label":"Previous","button_text":"Send","email_content":"[all-fields]","email_content_2":"[all-fields]","success_message":"The form was sent successfully.","error_message":"An error occurred.","required_field_message":"This field is required.","invalid_message":"There's something wrong. The form is invalid.","label_spacing":{"unit":"px","size":7,"sizes":[]},"label_typography_typography":"custom","label_typography_font_family":"Roboto","label_typography_font_weight":"400","label_typography_text_transform":"uppercase","field_border_width":{"unit":"px","top":"0","right":"0","bottom":"0","left":"0","isLinked":true},"__globals__":{"label_color":"globals\/colors?id=e7dc6eb","previous_button_background_color_hover":"globals\/colors?id=e7dc6eb","previous_button_text_color_hover":"globals\/colors?id=accent","button_background_hover_color":"globals\/colors?id=e7dc6eb","button_hover_color":"globals\/colors?id=accent","button_hover_border_color":"globals\/colors?id=e7dc6eb"},"button_border_border":"solid"},"elements":[],"isInner":false,"widgetType":"form","elType":"widget"}],"isInner":false,"elType":"column"}],"isInner":false,"elType":"section"},{"id":"5e9798d1","settings":{"content_position":"middle","structure":"30","_element_id":"footer","padding":{"unit":"rem","top":"2","right":"2","bottom":"2","left":"2","isLinked":true},"background_background":"classic","__globals__":{"background_color":"globals\/colors?id=e7dc6eb"}},"elements":[{"id":"40a8e436","settings":{"_column_size":33,"_inline_size":null},"elements":[{"id":"6dd31963","settings":{"image":{"url":"https:\/\/abmrc.com\/wp-content\/uploads\/2021\/01\/10_04-ABM_h_tm_full_color_cmyk1.png","id":5147,"alt":"","source":"library"},"align":"left","align_mobile":"center","space":{"unit":"%","size":55,"sizes":[]}},"elements":[],"isInner":false,"widgetType":"image","elType":"widget"},{"id":"31bae49b","settings":{"editor":"<p><strong>About Us<\/strong><\/p><p>ABM Respiratory Care will advance the healthcare industry by developing intelligent, clinically differentiated and innovative respiratory care solutions to help people breathe better inside and outside the hospital.<\/p>"},"elements":[],"isInner":false,"widgetType":"text-editor","elType":"widget"}],"isInner":false,"elType":"column"},{"id":"3798bfb2","settings":{"_column_size":33,"_inline_size":51.332000000000001,"_inline_size_tablet":33,"padding_mobile":{"unit":"px","top":"0","right":"0","bottom":"0","left":"0","isLinked":true}},"elements":[{"id":"121b1999","settings":{"structure":"20","_element_id":"footer"},"elements":[{"id":"7d03723c","settings":{"_column_size":50,"_inline_size":null},"elements":[{"id":"592cdfd3","settings":{"editor":"<p><strong>Information<\/strong><\/p><p><a href=\"\/about\/\">About Us<\/a><\/p><p><a href=\"https:\/\/abmrc.com\/about\/#leadership-team\">Leadership Team<\/a><\/p><p><a href=\"https:\/\/abmrc.com\/about\/#locations\">Location<\/a><\/p>"},"elements":[],"isInner":false,"widgetType":"text-editor","elType":"widget"},{"id":"120d4f7","settings":{"editor":"<p><strong>Products<\/strong><\/p><p><a href=\"https:\/\/abmrc.com\/biwaze-airway-clearance-system\/\">BiWaze<b>\u00ae<\/b> Cough System<\/a><\/p><p><a href=\"\/alpha-ventilator\/\">Alpha Ventilator<\/a><\/p>"},"elements":[],"isInner":false,"widgetType":"text-editor","elType":"widget"}],"isInner":true,"elType":"column"},{"id":"3d8c4d6b","settings":{"_column_size":50,"_inline_size":null},"elements":[{"id":"2ec15a02","settings":{"editor":"<p><strong>Resources<\/strong><\/p><p><a href=\"\/news\/\">News<\/a><\/p><p><a href=\"\/blog\/\">Blog<\/a><\/p><p><a href=\"\/events\/\">Events<\/a><\/p><p><a href=\"\/media-kit\/\">Media Kit<\/a><\/p><p><a href=\"\/press-releases\/\">Press Releases<\/a><\/p><p><a href=\"\/abm-podcast\/\">Podcast<\/a><\/p>"},"elements":[],"isInner":false,"widgetType":"text-editor","elType":"widget"},{"id":"4d3326e4","settings":{"editor":"<p><b>Contact<\/b><\/p><p><a href=\"\/schedule-a-demo\/\">Schedule a Demo<\/a><\/p><p><a href=\"\/contact\/\">Request Information<\/a><\/p>"},"elements":[],"isInner":false,"widgetType":"text-editor","elType":"widget"}],"isInner":true,"elType":"column"}],"isInner":true,"elType":"section"}],"isInner":false,"elType":"column"},{"id":"385c571a","settings":{"_column_size":33,"_inline_size":15,"_inline_size_tablet":33},"elements":[{"id":"106ba55","settings":{"editor":"<p style=\"margin: 0;\"><a href=\"\/privacy-policy\/\">Privacy Policy<\/a><\/p><p><a href=\"\/terms-of-use\/\">Terms of Use<\/a><\/p>"},"elements":[],"isInner":false,"widgetType":"text-editor","elType":"widget"},{"id":"34d6db4","settings":{"social_icon_list":[{"social_icon":{"value":"fab fa-linkedin","library":"fa-brands"},"_id":"5146b90","link":{"url":"https:\/\/www.linkedin.com\/company\/abmrc\/","is_external":"true","nofollow":"","custom_attributes":""}},{"social_icon":{"value":"fab fa-facebook","library":"fa-brands"},"_id":"22af61e","link":{"url":"https:\/\/www.facebook.com\/ABM-Respiratory-Care-102320835281322","is_external":"true","nofollow":"","custom_attributes":""}},{"social_icon":{"value":"fab fa-twitter","library":"fa-brands"},"_id":"f36afde","link":{"url":"https:\/\/twitter.com\/abmcare?lang=en","is_external":"true","nofollow":"","custom_attributes":""}}],"shape":"circle","align":"left","icon_color":"custom","icon_size":{"unit":"px","size":20,"sizes":[]},"__globals__":{"icon_primary_color":""},"align_mobile":"center","icon_primary_color":"#71CFEB"},"elements":[],"isInner":false,"widgetType":"social-icons","elType":"widget"}],"isInner":false,"elType":"column"}],"isInner":false,"elType":"section"},{"id":"69070b27","settings":{"margin_mobile":{"unit":"rem","top":"1","right":0,"bottom":"0","left":0,"isLinked":false},"background_background":"classic","__globals__":{"background_color":"globals\/colors?id=e7dc6eb"}},"elements":[{"id":"725e3d73","settings":{"_column_size":100,"_inline_size":null},"elements":[{"id":"27c05288","settings":{"editor":"<p><strong>\u00a92022 by ABM Respiratory Care<\/strong><\/p>","align":"center"},"elements":[],"isInner":false,"widgetType":"text-editor","elType":"widget"}],"isInner":false,"elType":"column"}],"isInner":false,"elType":"section"}],"page_settings":[],"version":"0.4","title":"footer without contact","type":"footer"}