{"content":[{"id":"1c3eeaa0","settings":{"margin":{"unit":"px","top":"15","right":0,"bottom":"15","left":0,"isLinked":true},"height":"min-height","custom_height":{"unit":"px","size":500,"sizes":[]},"background_background":"classic","background_image":{"url":"https:\/\/abmrc.com\/wp-content\/uploads\/2022\/09\/abmnr-us-manual-2.jpg","id":7743,"alt":"","source":"library"},"background_position":"center center","background_size":"cover","background_overlay_background":"classic","background_overlay_color":"#000000","padding":{"unit":"px","top":"20","right":"0","bottom":"20","left":"0","isLinked":false}},"elements":[{"id":"4a89c0c9","settings":{"_column_size":100,"_inline_size":null},"elements":[{"id":"63d5e373","settings":{"title":"Resource Manuals","typography_typography":"custom","typography_font_family":"Roboto","typography_font_weight":"600","typography_text_transform":"capitalize","__globals__":{"title_color":""},"title_color":"#FFFFFF"},"elements":[],"isInner":false,"widgetType":"heading","elType":"widget"},{"id":"428d40f4","settings":{"editor":"<p>Please select a product and language or UDI Number<\/p>","__globals__":{"text_color":""},"text_color":"#FFFFFF"},"elements":[],"isInner":false,"widgetType":"text-editor","elType":"widget"},{"id":"33f4c6e3","settings":{"structure":"20","overflow":"hidden","background_color":"#FFFFFF","background_overlay_background":"classic","background_overlay_color":"#00000000","margin":{"unit":"px","top":"0","right":0,"bottom":"0","left":0,"isLinked":true},"custom_css":".searchandfilter select.sf-input-select , form#search-filter-form-7126 input.sf-input-text {\r\n    border: #a5a3a3 solid 1px !important;\r\n}\r\nform#search-filter-form-7029.searchandfilter input[type=\"submit\"]:hover , form#search-filter-form-7126.searchandfilter input[type=\"submit\"]:hover {\r\n    background-color: #9bb929 !important;\r\n    color: #fff !important;\r\n}\r\nform#search-filter-form-7126.searchandfilter ul li > label::before\r\n{\r\n    opacity: 0\r\n}\r\n"},"elements":[{"id":"1a8b2e93","settings":{"_column_size":50,"_inline_size":65,"background_background":"classic","background_color":"#FFFFFF","border_radius":{"unit":"px","top":"5","right":"5","bottom":"5","left":"5","isLinked":true},"border_radius_mobile":{"unit":"px","top":"0","right":"0","bottom":"0","left":"0","isLinked":false},"margin":{"unit":"px","top":"0","right":"0","bottom":"0","left":"0","isLinked":false},"padding":{"unit":"px","top":"18","right":"0","bottom":"0","left":"0","isLinked":false},"_inline_size_tablet":50,"content_position":"center"},"elements":[{"id":"468a0a79","settings":{"tabs":[{"tab_title":"Product","tab_content":"<p>[searchandfilter id=\"7029\"]<\/p>","_id":"3115cc8"},{"_id":"d04b061","tab_title":"UDI Number","tab_content":"<p>[searchandfilter id=\"7126\"]<\/p>"}],"selected_icon":{"value":"icon icon-check-empty","library":"square"},"selected_active_icon":{"value":"icon icon-stop","library":"square"},"title_typography_typography":"custom","title_typography_font_family":"Roboto","title_typography_font_weight":"600","icon_space":{"unit":"px","size":20,"sizes":[]},"__globals__":{"tab_active_color":""},"border_width":{"unit":"px","size":0,"sizes":[]},"_css_classes":"close-accordion","title_color":"#0000009E","tab_active_color":"#0000009E","icon_color":"#7FD4ED","icon_active_color":"#7FD4ED","custom_css":"close-accordion:first-child{\n    float: left;\n}\nclose-accordion:last-child{\n    float: right;\n}\n.close-accordion .elementor-accordion-item {\n    width: 50% !important;\n}"},"elements":[],"isInner":false,"widgetType":"accordion","elType":"widget"},{"id":"4f82a9b3","settings":{"html":"<script>\r\njQuery(document).ready(function($) {\r\nvar delay = 0; setTimeout(function() {\r\n$('.elementor-tab-title').removeClass('elementor-active');\r\n $('.elementor-tab-content').css('display', 'none'); }, delay);\r\n});\r\n<\/script>"},"elements":[],"isInner":false,"widgetType":"html","elType":"widget"}],"isInner":true,"elType":"column"},{"id":"463bf36c","settings":{"_column_size":50,"_inline_size":35,"background_background":"classic","background_color":"#FFFFFF00","padding":{"unit":"px","top":"0","right":"0","bottom":"0","left":"0","isLinked":false},"hide_tablet":"hidden-tablet","hide_mobile":"hidden-mobile"},"elements":[],"isInner":true,"elType":"column"}],"isInner":true,"elType":"section"}],"isInner":false,"elType":"column"}],"isInner":false,"elType":"section"}],"page_settings":{"hide_title":"yes"},"version":"0.4","title":"user-manual-1","type":"section"}