{"content":[{"id":"4bc9b08a","settings":[],"elements":[{"id":"10c5026","settings":{"_column_size":100,"_inline_size":null},"elements":[{"id":"175f0e53","settings":{"_skin":"custom","classic_meta_separator":"\/\/\/","classic_read_more_text":"Read More \u00bb","cards_meta_separator":"\u2022","cards_read_more_text":"Read More \u00bb","full_content_meta_separator":"\/\/\/","custom_skin_template":"7182","custom_template_list":[{"nth":1,"_id":"18cfd6b"}],"custom_columns":"1","custom_meta_separator":"\/\/\/","posts_post_type":"search_filter_query","search_filter_query":"7126","search_filter_no_results":"No archive results found","pagination_page_limit":"5","pagination_prev_label":"&laquo; Previous","pagination_next_label":"Next &raquo;","text":"Load More","load_more_no_posts_custom_message":"No more posts to show","loadmore_text":"Load More","loadmore_loading_text":"Loading...","_element_id":"ngo-h"},"elements":[],"isInner":false,"widgetType":"posts","elType":"widget"}],"isInner":false,"elType":"column"}],"isInner":false,"elType":"section"}],"page_settings":{"location":"","preview_type":"single\/pdm"},"version":"0.4","title":"Documents and Materials Archive Template","type":"section"}