{"content":[{"id":"67623436","settings":{"structure":"20","background_background":"classic","background_image":{"url":"https:\/\/abmrc.com\/wp-content\/uploads\/2022\/03\/Background.jpg","id":5761,"alt":"","source":"library"},"background_position":"center center","background_repeat":"no-repeat","background_size":"cover","padding":{"unit":"px","top":"45","right":"0","bottom":"55","left":"0","isLinked":false}},"elements":[{"id":"6c5d7e18","settings":{"_column_size":50,"_inline_size":63.188000000000002},"elements":[{"id":"37302821","settings":{"background_background":"classic","background_color":"#FFFFFF","padding":{"unit":"px","top":"25","right":"20","bottom":"25","left":"20","isLinked":false}},"elements":[{"id":"5bc64363","settings":{"_column_size":100,"_inline_size":null},"elements":[{"id":"4d567efe","settings":{"image":{"url":"https:\/\/abmrc.com\/wp-content\/uploads\/2022\/03\/ABMCircle-01.png","id":5760,"alt":"","source":"library"},"image_size":"full","align":"center"},"elements":[],"isInner":false,"widgetType":"image","elType":"widget"},{"id":"66ee7407","settings":{"title":"Respirator Care  <br>\nInstiture","align":"center","title_color":"#57616E","typography_typography":"custom","typography_font_family":"Helvetica","typography_font_weight":"normal","typography_text_transform":"uppercase"},"elements":[],"isInner":false,"widgetType":"heading","elType":"widget"},{"id":"dd7212e","settings":{"editor":"Our Respiratory Care Institute is continuously updated with the latest educational content about our products and therapies.","align":"center","_padding":{"unit":"px","top":"0","right":"50","bottom":"0","left":"50","isLinked":false},"_padding_mobile":{"unit":"px","top":"0","right":"0","bottom":"0","left":"0","isLinked":false}},"elements":[],"isInner":false,"widgetType":"text-editor","elType":"widget"},{"id":"5e341de","settings":{"text":"Healthcare Resources","button_text_color":"#FFFFFF","background_color":"#F48440","hover_color":"#FFFFFF","button_background_hover_color":"#F48440CC","border_radius":{"unit":"px","top":"50","right":"50","bottom":"50","left":"50","isLinked":true},"_margin":{"unit":"px","top":"10","right":"0","bottom":"10","left":"0","isLinked":false},"_element_width":"auto"},"elements":[],"isInner":false,"widgetType":"button","elType":"widget"},{"id":"3be3be98","settings":{"text":"Product Documentation","button_text_color":"#FFFFFF","hover_color":"#FFFFFF","button_background_hover_color":"#F48440CC","border_radius":{"unit":"px","top":"50","right":"50","bottom":"50","left":"50","isLinked":true},"_margin":{"unit":"px","top":"10","right":"10","bottom":"10","left":"10","isLinked":true},"_margin_mobile":{"unit":"px","top":"0","right":"0","bottom":"0","left":"0","isLinked":false},"_element_width":"auto"},"elements":[],"isInner":false,"widgetType":"button","elType":"widget"},{"id":"5744feb5","settings":{"text":"Product Training","button_text_color":"#FFFFFF","hover_color":"#FFFFFF","button_background_hover_color":"#F48440CC","border_radius":{"unit":"px","top":"50","right":"50","bottom":"50","left":"50","isLinked":true},"_margin":{"unit":"px","top":"10","right":"0","bottom":"10","left":"0","isLinked":false},"_element_width":"auto"},"elements":[],"isInner":false,"widgetType":"button","elType":"widget"}],"isInner":true,"elType":"column"}],"isInner":true,"elType":"section"}],"isInner":false,"elType":"column"},{"id":"698e0ec7","settings":{"_column_size":50,"_inline_size":36.811999999999998},"elements":[],"isInner":false,"elType":"column"}],"isInner":false,"elType":"section"},{"id":"723ccd88","settings":{"structure":"20","padding":{"unit":"px","top":"35","right":"0","bottom":"35","left":"0","isLinked":false}},"elements":[{"id":"7bdc857b","settings":{"_column_size":50,"_inline_size":32.506999999999998,"border_border":"solid","border_width":{"unit":"px","top":"0","right":"1","bottom":"0","left":"0","isLinked":false},"border_color":"#4157717A","border_radius":{"unit":"px","top":"0","right":"1","bottom":"0","left":"0","isLinked":false}},"elements":[{"id":"63158ee5","settings":{"tabs":[{"tab_title":"HEALTHCARE RESOURCES","tab_content":"","_id":"b2ea27a"},{"tab_title":"PRODUCT  DOCUMENTATION","tab_content":"<ul>\n<li><a href=\"#\">Brochures<\/a><\/li>\n<li><a href=\"#\">Quick Reference Guide<\/a><\/li>\n<li><a href=\"#\">Specification Sheet<\/a><\/li>\n<\/ul>","_id":"d418737"}],"selected_icon":{"value":"fas fa-chevron-down","library":"fa-solid"},"selected_active_icon":{"value":"fas fa-chevron-up","library":"fa-solid"},"border_width":{"unit":"px","size":0,"sizes":[]},"space_between":{"unit":"px","size":10,"sizes":[]},"title_color":"#57616E85","tab_active_color":"#415771","icon_align":"right","icon_color":"#41577178","icon_active_color":"#415771","content_color":"#415771A1"},"elements":[],"isInner":false,"widgetType":"toggle","elType":"widget"}],"isInner":false,"elType":"column"},{"id":"3871fad7","settings":{"_column_size":50,"_inline_size":67.492999999999995},"elements":[],"isInner":false,"elType":"column"}],"isInner":false,"elType":"section"},{"id":"2b6dabb5","settings":{"content_position":"middle","background_background":"classic","background_color":"#FBFCFC","background_image":{"url":"https:\/\/abmrc.com\/wp-content\/uploads\/2022\/03\/ABMCircle-01@4x-e1648121100920.png","id":5803,"alt":"","source":"library"},"background_position":"center center","background_repeat":"no-repeat","background_size":"cover","padding":{"unit":"px","top":"25","right":"0","bottom":"25","left":"0","isLinked":false},"custom_css":".get__in_touch .elementor-form .elementor-field{\n box-shadow:         3px 3px 5px 2px #eee;\n} "},"elements":[{"id":"24be31be","settings":{"_column_size":100,"_inline_size":null},"elements":[{"id":"5fe285d4","settings":{"content_width":{"unit":"px","size":500,"sizes":[]},"padding":{"unit":"px","top":"0","right":"0","bottom":"0","left":"0","isLinked":false},"css_classes":"get__in_touch"},"elements":[{"id":"715b1ab7","settings":{"_column_size":100,"_inline_size":null},"elements":[{"id":"4114f27c","settings":{"title":"get in touch with  <br>\nABM Respiratory Care","align":"center","title_color":"#57616E","typography_typography":"custom","typography_font_family":"Helvetica","typography_font_weight":"normal","typography_text_transform":"uppercase","typography_line_height":{"unit":"em","size":1.2,"sizes":[]},"_padding":{"unit":"px","top":"35","right":"0","bottom":"20","left":"0","isLinked":false}},"elements":[],"isInner":false,"widgetType":"heading","elType":"widget"},{"id":"68b9baec","settings":{"form_name":"New Form","form_fields":[{"custom_id":"name","field_label":"First Name","placeholder":"First Name","width":"50","_id":"a84832a"},{"_id":"5057260","field_label":"Last Name","placeholder":"Last Name","width":"50","custom_id":"field_5057260"},{"_id":"ac21727","field_label":"Facility","placeholder":"Facility","width":"50","custom_id":"field_ac21727"},{"_id":"5931acd","field_type":"tel","field_label":"Phone Number","placeholder":"Phone Number","width":"50","custom_id":"field_5931acd"},{"custom_id":"email","field_type":"email","required":"true","field_label":"Email","placeholder":"Email","width":"50","_id":"b733aba"},{"_id":"5fd09d8","field_type":"select","field_label":"Topic","field_options":"Topic Option 1 \nTopic Option 2\nTopic Option 3 \nTopic Option 4","width":"50","custom_id":"field_5fd09d8"},{"custom_id":"message","field_type":"textarea","field_label":"Message","placeholder":"Message","_id":"5a9d39a"}],"show_labels":"","button_size":"md","button_align":"center","step_next_label":"Next","step_previous_label":"Previous","button_text":"Submit","email_content":"[all-fields]","email_content_2":"[all-fields]","success_message":"The form was sent successfully.","error_message":"An error occurred.","required_field_message":"This field is required.","invalid_message":"There&#039;s something wrong. The form is invalid.","column_gap":{"unit":"px","size":20,"sizes":[]},"row_gap":{"unit":"px","size":20,"sizes":[]},"field_typography_typography":"custom","field_typography_font_family":"Roboto","field_typography_font_weight":"400","field_border_color":"#02010100","field_border_radius":{"unit":"px","top":"20","right":"20","bottom":"20","left":"20","isLinked":true},"button_background_color":"#C2D95B","previous_button_background_color":"#C2D95B","button_border_radius":{"unit":"px","top":"50","right":"50","bottom":"50","left":"50","isLinked":true}},"elements":[],"isInner":false,"widgetType":"form","elType":"widget"}],"isInner":true,"elType":"column"}],"isInner":true,"elType":"section"}],"isInner":false,"elType":"column"}],"isInner":false,"elType":"section"}],"page_settings":[],"version":"0.4","title":"document custom post type page","type":"page"}