{"content":[{"id":"524a77c9","settings":{"structure":"20","background_background":"classic","background_image":{"url":"https:\/\/abmrc.com\/wp-content\/uploads\/2022\/03\/banner-new.jpg","id":5916,"alt":"","source":"library"},"background_position":"center center","background_repeat":"no-repeat","background_size":"cover","hide_mobile":"hidden-mobile","content_position":"middle"},"elements":[{"id":"5cb0898f","settings":{"_column_size":50,"_inline_size":63.188000000000002,"padding":{"unit":"rem","top":"2","right":"2","bottom":"2","left":"2","isLinked":true},"padding_tablet":{"unit":"rem","top":"","right":"","bottom":"","left":"","isLinked":true},"padding_mobile":{"unit":"rem","top":"","right":"","bottom":"","left":"","isLinked":true}},"elements":[{"id":"406b1e0f","settings":{"background_background":"classic","background_color":"#FFFFFF","padding":{"unit":"px","top":"15","right":"15","bottom":"15","left":"15","isLinked":false}},"elements":[{"id":"1bead8bc","settings":{"_column_size":100,"_inline_size":null,"align":"center"},"elements":[{"id":"3df752f1","settings":{"image":{"url":"https:\/\/abmrc.com\/wp-content\/uploads\/2022\/03\/ABMCircle-01.png","id":5760,"alt":"","source":"library"},"image_size":"full","align":"center"},"elements":[],"isInner":false,"widgetType":"image","elType":"widget"},{"id":"3516d55f","settings":{"image":{"url":"https:\/\/abmrc.com\/wp-content\/uploads\/2022\/03\/ABM22-RESPIRATORY-CARE-INSTITUTE-LOGO_3.png","id":5910,"alt":"","source":"library"},"image_size":"full"},"elements":[],"isInner":false,"widgetType":"image","elType":"widget"},{"id":"5ecb596d","settings":{"editor":"Our Respiratory Care Institute is continuously updated with the latest educational content about our products and therapies.","align":"center","_padding":{"unit":"px","top":"0","right":"50","bottom":"0","left":"50","isLinked":false},"_padding_mobile":{"unit":"px","top":"0","right":"0","bottom":"0","left":"0","isLinked":false}},"elements":[],"isInner":false,"widgetType":"text-editor","elType":"widget"},{"id":"33f9ff74","settings":{"text":"Healthcare Resources","border_border":"solid","__globals__":{"background_color":"","hover_color":"","button_background_hover_color":"","button_text_color":""},"link":{"url":"https:\/\/abmrc.com\/document_cat\/ceu-courses#doc_filters","is_external":"","nofollow":"","custom_attributes":""},"background_color":"#F4844000","_element_width":"auto","align":"left","button_text_color":"#F48440","hover_color":"#FFFFFF","button_background_hover_color":"#F48440","button_hover_border_color":"#F48440","border_width":{"unit":"px","top":"4","right":"4","bottom":"4","left":"4","isLinked":true},"border_color":"#F48440","_margin_mobile":{"unit":"px","top":"10","right":"0","bottom":"0","left":"10","isLinked":false},"text_padding":{"unit":"px","top":"12","right":"15","bottom":"12","left":"15","isLinked":false},"_margin":{"unit":"px","top":"6","right":"0","bottom":"6","left":"0","isLinked":false}},"elements":[],"isInner":false,"widgetType":"button","elType":"widget"},{"id":"4ff53276","settings":{"text":"Product Documentation","border_border":"solid","__globals__":{"background_color":"","hover_color":"","button_background_hover_color":"","button_text_color":""},"link":{"url":"https:\/\/abmrc.com\/document_cat\/brochures#doc_filters","is_external":"","nofollow":"","custom_attributes":""},"background_color":"#F4844000","_element_width":"auto","align":"left","button_text_color":"#F48440","hover_color":"#FFFFFF","button_background_hover_color":"#F48440","button_hover_border_color":"#F48440","border_width":{"unit":"px","top":"4","right":"4","bottom":"4","left":"4","isLinked":true},"border_color":"#F48440","_margin_mobile":{"unit":"px","top":"10","right":"0","bottom":"0","left":"10","isLinked":false},"text_padding":{"unit":"px","top":"12","right":"13","bottom":"12","left":"13","isLinked":false},"_margin":{"unit":"px","top":"6","right":"10","bottom":"6","left":"10","isLinked":false}},"elements":[],"isInner":false,"widgetType":"button","elType":"widget"},{"id":"6de679bb","settings":{"text":"Product Training","border_border":"solid","__globals__":{"background_color":"","hover_color":"","button_background_hover_color":"","button_text_color":""},"link":{"url":"https:\/\/abmrc.com\/document_cat\/biwaze-cough-videos\/#ajax-posts","is_external":"","nofollow":"","custom_attributes":""},"background_color":"#F4844000","_element_width":"auto","align":"left","button_text_color":"#F48440","hover_color":"#FFFFFF","button_background_hover_color":"#F48440","button_hover_border_color":"#F48440","border_width":{"unit":"px","top":"4","right":"4","bottom":"4","left":"4","isLinked":true},"border_color":"#F48440","_margin_mobile":{"unit":"px","top":"10","right":"0","bottom":"0","left":"10","isLinked":false},"text_padding":{"unit":"px","top":"12","right":"34","bottom":"12","left":"35","isLinked":false},"_margin":{"unit":"px","top":"6","right":"0","bottom":"6","left":"0","isLinked":false}},"elements":[],"isInner":false,"widgetType":"button","elType":"widget"}],"isInner":true,"elType":"column"}],"isInner":true,"elType":"section"}],"isInner":false,"elType":"column"},{"id":"6cbc0ecb","settings":{"_column_size":50,"_inline_size":36.811999999999998,"padding":{"unit":"rem","top":"4","right":"4","bottom":"4","left":"4","isLinked":true},"padding_tablet":{"unit":"rem","top":"","right":"","bottom":"","left":"","isLinked":true},"padding_mobile":{"unit":"rem","top":"","right":"","bottom":"","left":"","isLinked":true}},"elements":[],"isInner":false,"elType":"column"}],"isInner":false,"elType":"section"},{"id":"62661860","settings":{"structure":"20","gap":"wider","background_background":"classic","background_color":"#FEFEFD","_element_id":"doc_filters"},"elements":[{"id":"4f8924d6","settings":{"_column_size":50,"_inline_size":33.067999999999998,"border_border":"solid","border_width":{"unit":"px","top":"0","right":"1","bottom":"0","left":"0","isLinked":false},"border_color":"#0000001A","padding":{"unit":"px","top":"55","right":"20","bottom":"55","left":"35","isLinked":false},"padding_mobile":{"unit":"px","top":"25","right":"25","bottom":"25","left":"25","isLinked":true}},"elements":[{"id":"10cebb74","settings":{"shortcode":"[wpb_menu_accordion menu=\"Document Menu-duplicate\" icon=\">\" hide_empty=\"no\" accordion=\"yes\"]","_css_classes":"document_category_section"},"elements":[],"isInner":false,"widgetType":"shortcode","elType":"widget"}],"isInner":false,"elType":"column"},{"id":"75d4fc1e","settings":{"_column_size":50,"_inline_size":66.932000000000002,"padding":{"unit":"px","top":"55","right":"55","bottom":"55","left":"55","isLinked":false},"padding_mobile":{"unit":"px","top":"25","right":"25","bottom":"25","left":"25","isLinked":true}},"elements":[{"id":"27313798","settings":{"shortcode":"[documents_code]","_padding":{"unit":"px","top":"10","right":"0","bottom":"10","left":"0","isLinked":false}},"elements":[],"isInner":false,"widgetType":"shortcode","elType":"widget"}],"isInner":false,"elType":"column"}],"isInner":false,"elType":"section"},{"id":"26748ef0","settings":{"content_position":"middle","background_background":"classic","background_color":"#F9FAFA","background_image":{"url":"https:\/\/abmrc.com\/wp-content\/uploads\/2022\/03\/ABMCircle-01@4x-e1648121100920.png","id":5803,"alt":"","source":"library"},"background_position":"center center","background_repeat":"no-repeat","background_size":"cover","padding":{"unit":"px","top":"25","right":"0","bottom":"25","left":"0","isLinked":false},"custom_css":".get__in_touch .elementor-form input[type=\"text\"], .get__in_touch .elementor-form select, .get__in_touch .elementor-form input[type=\"tel\"],\n.get__in_touch .elementor-form textarea, .elementor-form input[type=\"email\"]\n\n{\n box-shadow:3px 3px 5px 2px #eee;\n} \n\n.elementor-field-group .elementor-select-wrapper::before {\n  color: #415771!important;\n}\n\n\n::-webkit-input-placeholder { \/* WebKit, Blink, Edge *\/\n    color: #415771!important;\n}\n:-moz-placeholder { \/* Mozilla Firefox 4 to 18 *\/\n   color:    #415771!important;\n   opacity:  1!important;\n}\n::-moz-placeholder { \/* Mozilla Firefox 19+ *\/\n   color:    #415771!important;\n   opacity:  1;\n}\n:-ms-input-placeholder { \/* Internet Explorer 10-11 *\/\n   color:    #415771!important;\n    opacity:  1!important;\n}\n::-ms-input-placeholder { \/* Microsoft Edge *\/\n   color:    #415771!important;\n    opacity:  1!important;\n}\n\n::placeholder { \/* Most modern browsers support this now. *\/\n   color:    #415771!important;\n    opacity:  1!important;\n}"},"elements":[{"id":"1273df4c","settings":{"_column_size":100,"_inline_size":null},"elements":[{"id":"49eb6943","settings":{"content_width":{"unit":"px","size":500,"sizes":[]},"padding":{"unit":"px","top":"0","right":"0","bottom":"0","left":"0","isLinked":false},"css_classes":"get__in_touch"},"elements":[{"id":"549057a8","settings":{"_column_size":100,"_inline_size":null},"elements":[{"id":"72ffffcf","settings":{"title":"get in touch with  <br>\nABM Respiratory Care","align":"center","title_color":"#57616E","typography_typography":"custom","typography_font_family":"Helvetica","typography_font_weight":"normal","typography_text_transform":"uppercase","typography_line_height":{"unit":"em","size":1.2,"sizes":[]},"_padding":{"unit":"px","top":"35","right":"0","bottom":"20","left":"0","isLinked":false}},"elements":[],"isInner":false,"widgetType":"heading","elType":"widget"},{"id":"25c1c4a4","settings":{"form_name":"New Form","form_fields":[{"custom_id":"name","field_label":"First Name","placeholder":"First Name","width":"50","_id":"a84832a"},{"_id":"5057260","field_label":"Last Name","placeholder":"Last Name","width":"50","custom_id":"field_5057260"},{"_id":"ac21727","field_label":"Facility","placeholder":"Facility","width":"50","custom_id":"field_ac21727"},{"_id":"5931acd","field_type":"tel","field_label":"Phone Number","placeholder":"Phone Number","width":"50","custom_id":"field_5931acd"},{"custom_id":"email","field_type":"email","required":"true","field_label":"Email","placeholder":"Email","width":"50","_id":"b733aba"},{"_id":"5fd09d8","field_type":"select","field_label":"Topic","field_options":"Training Request\nResearch Idea","width":"50","custom_id":"field_5fd09d8"},{"custom_id":"message","field_type":"textarea","field_label":"Message","placeholder":"Message","_id":"5a9d39a"}],"show_labels":"","button_size":"md","button_align":"center","step_next_label":"Next","step_previous_label":"Previous","button_text":"Submit","email_content":"[all-fields]","email_content_2":"[all-fields]","success_message":"The form was sent successfully.","error_message":"An error occurred.","required_field_message":"This field is required.","invalid_message":"There&#039;s something wrong. The form is invalid.","column_gap":{"unit":"px","size":20,"sizes":[]},"row_gap":{"unit":"px","size":20,"sizes":[]},"field_typography_typography":"custom","field_typography_font_family":"Roboto","field_typography_font_weight":"400","field_border_color":"#0201010F","field_border_radius":{"unit":"px","top":"20","right":"20","bottom":"20","left":"20","isLinked":true},"button_background_color":"#C2D95B","previous_button_background_color":"#C2D95B","button_border_radius":{"unit":"px","top":"50","right":"50","bottom":"50","left":"50","isLinked":true},"label_color":"#415771","html_color":"#415771","field_text_color":"#415771"},"elements":[],"isInner":false,"widgetType":"form","elType":"widget"}],"isInner":true,"elType":"column"}],"isInner":true,"elType":"section"}],"isInner":false,"elType":"column"}],"isInner":false,"elType":"section"}],"page_settings":[],"version":"0.4","title":"Document Post Archive","type":"archive"}