{"content":[{"id":"7397edd6","settings":[],"elements":[{"id":"110b62f2","settings":{"_column_size":100,"_inline_size":null,"__dynamic__":{"column_link":"[elementor-tag id=\"4d6f4cf\" name=\"acf-url\" settings=\"%7B%22key%22%3A%22field_62ea8b9661749%3Apdm_document_or_material_link%22%7D\"]"}},"elements":[{"id":"6c777c9b","settings":{"typography_typography":"custom","typography_font_family":"Roboto","typography_font_size":{"unit":"px","size":28,"sizes":[]},"typography_font_weight":"600","__dynamic__":{"editor":"[elementor-tag id=\"bd67589\" name=\"acf-text\" settings=\"%7B%22key%22%3A%22field_62e8c0af5f138%3Apdm_title%22%7D\"]"},"__globals__":{"text_color":"globals\/colors?id=primary"}},"elements":[],"isInner":false,"widgetType":"text-editor","elType":"widget"},{"id":"424790a9","settings":{"structure":"20","_element_id":"ins-ins"},"elements":[{"id":"7bb02474","settings":{"_column_size":50,"_inline_size":22},"elements":[{"id":"4b167d0e","settings":{"title":"Release Date","header_size":"h6","align":"left","typography_typography":"custom","typography_font_family":"Roboto","typography_font_weight":"700"},"elements":[],"isInner":false,"widgetType":"heading","elType":"widget"}],"isInner":true,"elType":"column"},{"id":"77471de1","settings":{"_column_size":50,"_inline_size":78},"elements":[{"id":"197b38cb","settings":{"icon_list":[{"_id":"744d410","custom_date_format":"F j, Y","custom_time_format":"g:i a","custom_text":"June 16, 2022","show_icon":"custom","selected_icon":{"value":"far fa-calendar","library":"fa-regular"},"type":"custom","__dynamic__":{"custom_text":"[elementor-tag id=\"7421764\" name=\"acf-text\" settings=\"%7B%22key%22%3A%22field_631f8c1eeeb2c%3Arelease_date_top%22%7D\"]"}}],"text_color":"#6F6E6E","_margin":{"unit":"px","top":"-5","right":"0","bottom":"0","left":"0","isLinked":false}},"elements":[],"isInner":false,"widgetType":"post-info","elType":"widget"}],"isInner":true,"elType":"column"}],"isInner":true,"elType":"section"}],"isInner":false,"elType":"column"}],"isInner":false,"elType":"section"}],"page_settings":[],"version":"0.4","title":"Document or Material New Loop","type":"loop"}