{"content":[{"id":"627a3afc","settings":{"structure":"20","background_background":"classic","__globals__":{"background_color":"globals\/colors?id=secondary"},"padding":{"unit":"rem","top":"2","right":"0","bottom":"0","left":"0","isLinked":false},"css_classes":"hide_top_footer","margin":{"unit":"px","top":"-15","right":0,"bottom":"0","left":0,"isLinked":false}},"elements":[{"id":"5f0e42d1","settings":{"_column_size":50,"_inline_size":30,"margin":{"unit":"rem","top":"","right":"","bottom":"","left":"","isLinked":true},"padding":{"unit":"rem","top":"4","right":"2","bottom":"4","left":"4","isLinked":false},"padding_mobile":{"unit":"px","top":"15","right":"15","bottom":"15","left":"15","isLinked":true}},"elements":[{"id":"251060d5","settings":{"title":"contact us","typography_typography":"custom","typography_font_family":"Roboto","typography_font_weight":"200","text_shadow_text_shadow_type":"yes"},"elements":[],"isInner":false,"widgetType":"heading","elType":"widget"},{"id":"200fa08f","settings":{"_element_width":"initial","_element_custom_width":{"unit":"px","size":300,"sizes":[]},"editor":"Let us know how we can help. We\u2019ll get back to you quickly."},"elements":[],"isInner":false,"widgetType":"text-editor","elType":"widget"}],"isInner":false,"elType":"column"},{"id":"178ca6bc","settings":{"_column_size":50,"_inline_size":70,"padding":{"unit":"rem","top":"0","right":"0","bottom":"0","left":"0","isLinked":true},"margin_mobile":{"unit":"px","top":"0","right":"15","bottom":"0","left":"15","isLinked":false}},"elements":[{"id":"4a4b1299","settings":{"margin":{"unit":"rem","top":"0","right":0,"bottom":"-4","left":0,"isLinked":false},"background_background":"classic","box_shadow_box_shadow_type":"yes","box_shadow_box_shadow":{"horizontal":0,"vertical":0,"blur":5,"spread":0,"color":"rgba(0,0,0,0.5)"},"padding":{"unit":"rem","top":"2","right":"2","bottom":"2","left":"2","isLinked":true},"_element_id":"contact-form","__globals__":{"background_color":"globals\/colors?id=e7dc6eb"},"padding_mobile":{"unit":"px","top":"0","right":"15","bottom":"0","left":"15","isLinked":false}},"elements":[{"id":"67dae3ae","settings":{"_column_size":100,"_inline_size":null,"margin":{"unit":"rem","top":"0","right":"0","bottom":"0","left":"0","isLinked":false},"padding_mobile":{"unit":"px","top":"20","right":"0","bottom":"20","left":"0","isLinked":false}},"elements":[{"id":"5884ec67","settings":{"form_name":"New Form","form_fields":[{"custom_id":"firstname","field_label":"First Name","width":"50","_id":"016c2fb","required":"true"},{"custom_id":"lastname","field_label":"Last Name","width":"50","required":"true","_id":"c27f7ae"},{"_id":"57cfda1","field_type":"select","field_label":"Role","required":"true","field_options":"--Select Role---\nPatient\nCaregiver\nRespiratory Therapist\nPhysician\nNurse\nBiomedical Engineer\nMedical Director\nMarketing\/PR\nOffice Manager\nExecutive\nInvestor\nPayor\nIT\nMedia\nOther","custom_id":"field_57cfda1"},{"_id":"4189f1a","field_type":"select","field_label":"Country","field_options":"United States of America \nAfghanistan\nAlbania\nAlgeria\nAndorra\nAngola\nAntigua and Barbuda\nArgentina\nArmenia\nAustralia\nAustria\nAzerbaijan\nBahamas\nBahrain\nBangladesh\nBarbados\nBelarus\nBelgium\nBelize\nBenin\nBhutan\nBolivia\nBosnia and Herzegovina\nBotswana\nBrazil\nBrunei\nBulgaria\nBurkina Faso\nBurundi\nC\u00f4te d'Ivoire\nCabo Verde\nCambodia\nCameroon\nCanada\nCentral African Republic\nChad\nChile\nChina\nColombia\nComoros\nCongo (Congo-Brazzaville) \t\nCosta Rica\nCroatia\nCuba\nCyprus\nCzechia (Czech Republic)\nDemocratic Republic of the Congo\nDenmark\nDjibouti\nDominica\nDominican Republic\nEcuador\nEgypt\nEl Salvador\nEquatorial Guinea\nEritrea\nEstonia\nEswatini (fmr. \"Swaziland\")\nEthiopia\nFiji\nFinland\nFrance\nGabon\nGambia\nGeorgia\nGermany\nGhana\nGreece\nGrenada\nGuatemala\nGuinea\nGuinea-Bissau\nGuyana\nHaiti\nHoly See\nHonduras\nHungary\nIceland\nIndia\nIndonesia\nIran\nIraq\nIreland\nIsrael\nItaly\nJamaica\nJapan\nJordan\nKazakhstan\nKenya\nKiribati\nKuwait\nKyrgyzstan\nLaos\nLatvia\nLebanon\nLesotho\nLiberia\nLibya\nLiechtenstein\nLithuania\nLuxembourg\nMadagascar\nMalawi\nMalaysia\nMaldives\nMali\nMalta\nMarshall Islands\nMauritania\nMauritius\nMexico\nMicronesia\nMoldova\nMonaco\nMongolia\nMontenegro\nMorocco\nMozambique\nMyanmar (formerly Burma)\nNamibia\nNauru\nNepal\nNetherlands\nNew Zealand\nNicaragua\nNiger\nNigeria\nNorth Korea\nNorth Macedonia\nNorway\nOman\nPakistan\nPalau\nPalestine State\nPanama\nPapua New Guinea\nParaguay\nPeru\nPhilippines\nPoland\nPortugal\nQatar\nRomania\nRussia\nRwanda\nSaint Kitts and Nevis\nSaint Lucia\nSaint Vincent and the Grenadines\nSamoa\nSan Marino\nSao Tome and Principe\nSaudi Arabia\nSenegal\nSerbia\nSeychelles\nSierra Leone\nSingapore\nSlovakia\nSlovenia\nSolomon Islands\nSomalia\nSouth Africa\nSouth Korea\nSouth Sudan\nSpain\nSri Lanka\nSudan\nSuriname\nSweden\nSwitzerland\nSyria\nTajikistan\nTanzania\nThailand\nTimor-Leste\nTogo\nTonga\nTrinidad and Tobago\nTunisia\nTurkey\nTurkmenistan\nTuvalu\nUganda\nUkraine\nUnited Arab Emirates\nUnited Kingdom\t\nUruguay\nUzbekistan\nVanuatu\nVenezuela\nVietnam\nYemen\nZambia\nZimbabwe","custom_id":"field_4189f1a"},{"custom_id":"email","field_type":"email","required":"true","field_label":"Email","width":"50","_id":"91bd0e2"},{"_id":"32a0c90","field_label":"Phone Number","required":"true","width":"50","custom_id":"phone"},{"custom_id":"message","field_type":"textarea","field_label":"Message","_id":"e24172e"},{"_id":"ec57b98","field_type":"recaptcha_v3","custom_id":"field_ec57b98"}],"button_width":"25","button_align":"end","step_next_label":"Next","step_previous_label":"Previous","button_text":"Submit","email_content":"<p>First Name: [field id=\"firstname\"]<\/p>\n<p>Last Name: [field id=\"lastname\"]<\/p>\n<p>Role: [field id=\"field_57cfda1\"]<\/p>\nCountry: [field id=\"field_4189f1a\"]<\/p>\n<p>Email: [field id=\"email\"]<\/p>\n<p>Phone Number: [field id=\"phone\"]<\/p>\n<p>Message: [field id=\"message\"]<\/p>","email_content_2":"[all-fields]","success_message":"Your message was sent successfully","error_message":"An error occurred.","required_field_message":"This field is required.","invalid_message":"There's something wrong. The form is invalid.","column_gap":{"unit":"px","size":25,"sizes":[]},"row_gap":{"unit":"px","size":15,"sizes":[]},"label_typography_typography":"custom","label_typography_font_family":"Roboto","label_typography_font_weight":"300","label_typography_text_transform":"uppercase","_margin":{"unit":"rem","top":"0","right":"0","bottom":"0","left":"0","isLinked":false},"_padding":{"unit":"rem","top":"2","right":"2","bottom":"2","left":"2","isLinked":true},"field_background_color":"","field_border_width":{"unit":"px","top":"0","right":"0","bottom":"3","left":"0","isLinked":false},"field_border_radius":{"unit":"px","top":"0","right":"0","bottom":"0","left":"0","isLinked":true},"__globals__":{"field_text_color":"","field_border_color":"globals\/colors?id=ed60892","button_background_color":"globals\/colors?id=ed60892","button_background_hover_color":"globals\/colors?id=e7dc6eb","button_hover_color":"globals\/colors?id=ed60892"},"label_color":"#57616E","field_text_color":"#57616E","field_border_color":"#BEDF3F","button_background_color":"#BEDF3F","button_background_hover_color":"#FFFFFF","button_hover_color":"#BEDF3F","_padding_mobile":{"unit":"px","top":"25","right":"0","bottom":"25","left":"0","isLinked":false},"submit_actions":["email"],"custom_messages":"yes"},"elements":[],"isInner":false,"widgetType":"form","elType":"widget"}],"isInner":true,"elType":"column"}],"isInner":true,"elType":"section"}],"isInner":false,"elType":"column"}],"isInner":false,"elType":"section"},{"id":"2fcc1d2e","settings":{"layout":"full_width","height":"min-height","custom_height":{"unit":"px","size":300,"sizes":[]},"background_background":"slideshow","__globals__":{"background_color":"globals\/colors?id=primary"},"background_slideshow_gallery":[{"id":163,"url":"https:\/\/abmrc.com\/wp-content\/uploads\/2021\/02\/Screen-Shot-2020-12-30-at-2.58.42-PM-Frame.png"}],"css_classes":"hide_top_footer"},"elements":[{"id":"19947ec3","settings":{"_column_size":100,"_inline_size":null},"elements":[],"isInner":false,"elType":"column"}],"isInner":false,"elType":"section"},{"id":"792ebdac","settings":{"background_background":"classic","margin":{"unit":"rem","top":"","right":0,"bottom":"","left":0,"isLinked":true},"padding":{"unit":"rem","top":"2","right":"2","bottom":"2","left":"2","isLinked":true},"__globals__":{"background_color":"globals\/colors?id=accent"},"css_classes":"hide_top_footer"},"elements":[{"id":"76351b79","settings":{"_column_size":100,"_inline_size":null},"elements":[{"id":"589b7e09","settings":{"title":"join our mailing list","typography_typography":"custom","typography_font_family":"Roboto","typography_font_weight":"300","__globals__":{"title_color":"globals\/colors?id=e7dc6eb"}},"elements":[],"isInner":false,"widgetType":"heading","elType":"widget"},{"id":"13e88f9c","settings":{"form_name":"Mailing List","form_fields":[{"custom_id":"name","field_label":"Name","width":"40","_id":"0b8dffb"},{"custom_id":"email","field_type":"email","required":"true","field_label":"Email","width":"40","_id":"7be4350"}],"button_width":"20","step_next_label":"Next","step_previous_label":"Previous","button_text":"Send","email_content":"[all-fields]","email_content_2":"[all-fields]","success_message":"The form was sent successfully.","error_message":"An error occurred.","required_field_message":"This field is required.","invalid_message":"There's something wrong. The form is invalid.","label_spacing":{"unit":"px","size":7,"sizes":[]},"label_typography_typography":"custom","label_typography_font_family":"Roboto","label_typography_font_weight":"400","label_typography_text_transform":"uppercase","field_border_width":{"unit":"px","top":"0","right":"0","bottom":"0","left":"0","isLinked":true},"__globals__":{"label_color":"globals\/colors?id=e7dc6eb","previous_button_background_color_hover":"globals\/colors?id=e7dc6eb","previous_button_text_color_hover":"globals\/colors?id=accent","button_background_hover_color":"globals\/colors?id=e7dc6eb","button_hover_color":"globals\/colors?id=accent","button_hover_border_color":"globals\/colors?id=e7dc6eb"},"button_border_border":"solid"},"elements":[],"isInner":false,"widgetType":"form","elType":"widget"}],"isInner":false,"elType":"column"}],"isInner":false,"elType":"section"},{"id":"750c59a6","settings":{"content_position":"middle","structure":"30","_element_id":"footer","padding":{"unit":"rem","top":"2","right":"2","bottom":"2","left":"2","isLinked":true},"background_background":"classic","__globals__":{"background_color":"globals\/colors?id=e7dc6eb"}},"elements":[{"id":"18768989","settings":{"_column_size":33,"_inline_size":35.603000000000002,"margin":{"unit":"px","top":"0","right":"34","bottom":"0","left":"0","isLinked":false},"padding":{"unit":"px","top":"0","right":"0","bottom":"0","left":"0","isLinked":false}},"elements":[{"id":"2fe2f483","settings":{"image":{"url":"https:\/\/abmrc.com\/wp-content\/uploads\/2021\/02\/ABM-Logo-08.png","id":8392,"alt":"","source":"library"},"align":"left","align_mobile":"center","space":{"unit":"%","size":55,"sizes":[]}},"elements":[],"isInner":false,"widgetType":"image","elType":"widget"},{"id":"10c793c2","settings":{"editor":"<p>ABM Respiratory Care will advance the healthcare industry by developing intelligent, clinically differentiated and innovative respiratory care solutions to help people breathe better inside and outside the hospital.<\/p>"},"elements":[],"isInner":false,"widgetType":"text-editor","elType":"widget"}],"isInner":false,"elType":"column"},{"id":"1377f467","settings":{"_column_size":33,"_inline_size":48.728999999999999,"_inline_size_tablet":33,"padding_mobile":{"unit":"px","top":"0","right":"0","bottom":"0","left":"0","isLinked":true}},"elements":[{"id":"722a9ec1","settings":{"structure":"20","_element_id":"footer"},"elements":[{"id":"501dbcbd","settings":{"_column_size":50,"_inline_size":null},"elements":[{"id":"1c692ecf","settings":{"editor":"<p><strong>Information<\/strong><br \/><a href=\"\/about\/\">About Us<\/a><br \/><a href=\"https:\/\/abmrc.com\/about\/#leadership-team\">Leadership Team<\/a><br \/><a href=\"https:\/\/abmrc.com\/about\/#locations\">Location<\/a><br \/><a href=\"https:\/\/abmrc.com\/home-care\/\">Home Care<\/a><br \/><a href=\"https:\/\/abmrc.com\/hospital-care\/\">Hospital Care<\/a><\/p>"},"elements":[],"isInner":false,"widgetType":"text-editor","elType":"widget"},{"id":"350644f5","settings":{"editor":"<p><strong>Products<\/strong><br \/><a href=\"https:\/\/abmrc.com\/biwaze\/\">BiWaze Cough<\/a><br \/><a href=\"https:\/\/abmrc.com\/biwaze-clear-home-care\/\">BiWaze Clear Home<\/a><br> <a href=\"\/biwaze-clear-hospital-care\/\">BiWaze Clear Hospital<\/a><\/p> "},"elements":[],"isInner":false,"widgetType":"text-editor","elType":"widget"}],"isInner":true,"elType":"column"},{"id":"451fb24b","settings":{"_column_size":50,"_inline_size":null},"elements":[{"id":"5468a67","settings":{"editor":"<p><strong>Resources<\/strong><br \/><a href=\"\/medical-education\/\">Medical Education<\/a><br \/><a href=\"\/press-releases\/\">Press Releases<\/a><br \/><a href=\"https:\/\/abmrc.com\/government-programs\/\">Government Programs<\/a><br \/><a href=\"\/news\/\">News<\/a><br \/><a href=\"\/events\/\">Events<\/a><br \/><a href=\"\/abm-podcast\/\">Podcasts<\/a><br \/><a href=\"\/blog\/\">Blog<\/a><br \/><a href=\"\/media-kit\/\">Media Kit<\/a><\/p>"},"elements":[],"isInner":false,"widgetType":"text-editor","elType":"widget"},{"id":"193203dd","settings":{"editor":"<p><b>Contact<\/b><br \/><a href=\"\/schedule-a-demo\/\">Schedule a Demo<\/a><br \/><a href=\"\/contact\/\">Request Information<\/a><\/p>"},"elements":[],"isInner":false,"widgetType":"text-editor","elType":"widget"}],"isInner":true,"elType":"column"}],"isInner":true,"elType":"section"}],"isInner":false,"elType":"column"},{"id":"4050dfb8","settings":{"_column_size":33,"_inline_size":15,"_inline_size_tablet":33},"elements":[{"id":"1aa8a6a2","settings":{"icon_list":[{"text":"Purchasing Policy","selected_icon":{"value":"","library":""},"_id":"7f4e970","link":{"url":"\/purchasing-policy\/","is_external":"","nofollow":"","custom_attributes":""}},{"text":"Privacy Policy","selected_icon":{"value":"","library":""},"link":{"url":"\/privacy-policy\/","is_external":"","nofollow":"","custom_attributes":""},"_id":"d0317a4"},{"text":" Terms of Use","selected_icon":{"value":"","library":""},"link":{"url":"\/terms-of-use\/","is_external":"","nofollow":"","custom_attributes":""},"_id":"acd4066"}],"space_between":{"unit":"px","size":1,"sizes":[]},"text_color":"#57616E"},"elements":[],"isInner":false,"widgetType":"icon-list","elType":"widget"},{"id":"214ab7a6","settings":{"social_icon_list":[{"social_icon":{"value":"fab fa-linkedin","library":"fa-brands"},"_id":"5146b90","link":{"url":"https:\/\/www.linkedin.com\/company\/abmrc\/","is_external":"true","nofollow":"","custom_attributes":""}},{"social_icon":{"value":"fab fa-facebook","library":"fa-brands"},"_id":"22af61e","link":{"url":"https:\/\/www.facebook.com\/ABM-Respiratory-Care-102320835281322","is_external":"true","nofollow":"","custom_attributes":""}},{"social_icon":{"value":"fab fa-twitter","library":"fa-brands"},"_id":"f36afde","link":{"url":"https:\/\/twitter.com\/abmcare?lang=en","is_external":"true","nofollow":"","custom_attributes":""}}],"shape":"circle","align":"left","icon_color":"custom","icon_size":{"unit":"px","size":20,"sizes":[]},"__globals__":{"icon_primary_color":""},"align_mobile":"center","icon_primary_color":"#71CFEB"},"elements":[],"isInner":false,"widgetType":"social-icons","elType":"widget"}],"isInner":false,"elType":"column"}],"isInner":false,"elType":"section"},{"id":"151d2279","settings":{"margin_mobile":{"unit":"rem","top":"1","right":0,"bottom":"0","left":0,"isLinked":false},"background_background":"classic","__globals__":{"background_color":"globals\/colors?id=e7dc6eb"}},"elements":[{"id":"47a05a04","settings":{"_column_size":100,"_inline_size":null},"elements":[{"id":"2906adaf","settings":{"editor":"<p><strong>\u00a92023 by ABM Respiratory Care<\/strong><\/p>","align":"center"},"elements":[],"isInner":false,"widgetType":"text-editor","elType":"widget"}],"isInner":false,"elType":"column"}],"isInner":false,"elType":"section"}],"page_settings":{"custom_css":"#footer p {\n    margin: 0;\n}\n\n#footer p:first-of-type {\n    margin-bottom: 1rem;\n}\n\n#footer p a {\n    color: #57616E !important;\n}\n\n#contact-form {\n    z-index: 999;\n}"},"version":"0.4","title":"Elementor Footer #104","type":"footer"}