{"content":[{"id":"613121d0","settings":{"content_position":"middle","structure":"30","_element_id":"footer","padding":{"unit":"rem","top":"2","right":"2","bottom":"2","left":"2","isLinked":true},"background_background":"classic","__globals__":{"background_color":"globals\/colors?id=e7dc6eb"}},"elements":[{"id":"59627498","settings":{"_column_size":33,"_inline_size":null},"elements":[{"id":"42fcc47","settings":{"image":{"url":"https:\/\/abmrc.com\/wp-content\/uploads\/2021\/01\/10_04-ABM_h_tm_full_color_cmyk1.png","id":5147,"alt":"","source":"library"},"align":"left","align_mobile":"center","space":{"unit":"%","size":55,"sizes":[]}},"elements":[],"isInner":false,"widgetType":"image","elType":"widget"},{"id":"3a4ab53d","settings":{"editor":"<p><strong>About Us<\/strong><\/p><p>ABM Respiratory Care will advance the healthcare industry by developing intelligent, clinically differentiated and innovative respiratory care solutions to help people breathe better inside and outside the hospital.<\/p>"},"elements":[],"isInner":false,"widgetType":"text-editor","elType":"widget"}],"isInner":false,"elType":"column"},{"id":"75e86018","settings":{"_column_size":33,"_inline_size":51.332000000000001,"_inline_size_tablet":33,"padding_mobile":{"unit":"px","top":"0","right":"0","bottom":"0","left":"0","isLinked":true}},"elements":[{"id":"6dbcf634","settings":{"structure":"20","_element_id":"footer"},"elements":[{"id":"3ea70e52","settings":{"_column_size":50,"_inline_size":null},"elements":[{"id":"6ef804be","settings":{"editor":"<p><strong>Information<\/strong><\/p><p><a href=\"\/about\/\">About Us<\/a><\/p><p><a href=\"https:\/\/abmrc.com\/about\/#leadership-team\">Leadership Team<\/a><\/p><p><a href=\"https:\/\/abmrc.com\/about\/#locations\">Location<\/a><\/p>"},"elements":[],"isInner":false,"widgetType":"text-editor","elType":"widget"},{"id":"148b876f","settings":{"editor":"<p><strong>Products<br \/><\/strong><\/p><p><a href=\"https:\/\/abmrc.com\/biwaze-airway-clearance-system\/\">BiWaze<b>\u00ae<\/b> Cough System<\/a><\/p><p><!--a href=\"\/alpha-ventilator\/\">Alpha Ventilator<\/a----><\/p>"},"elements":[],"isInner":false,"widgetType":"text-editor","elType":"widget"}],"isInner":true,"elType":"column"},{"id":"3349e6e0","settings":{"_column_size":50,"_inline_size":null},"elements":[{"id":"75a15809","settings":{"editor":"<p><strong>Resources<\/strong><\/p><p><a href=\"\/news\/\">News<\/a><\/p><p><a href=\"\/blog\/\">Blog<\/a><\/p><p><a href=\"\/events\/\">Events<\/a><\/p><p><a href=\"\/media-kit\/\">Media Kit<\/a><\/p><p><a href=\"\/press-releases\/\">Press Releases<\/a><\/p><p><a href=\"\/abm-podcast\/\">Podcast<\/a><\/p><p><a href=\"https:\/\/abmrc.com\/government-programs\/\">Government Programs<\/a><\/p><p><a href=\"\/medical-education\/\">Medical Education<\/a><\/p>"},"elements":[],"isInner":false,"widgetType":"text-editor","elType":"widget"},{"id":"4baf863f","settings":{"editor":"<p><b>Contact<\/b><\/p><p><a href=\"\/schedule-a-demo\/\">Schedule a Demo<\/a><\/p><p><a href=\"\/contact\/\">Request Information<\/a><\/p>"},"elements":[],"isInner":false,"widgetType":"text-editor","elType":"widget"}],"isInner":true,"elType":"column"}],"isInner":true,"elType":"section"}],"isInner":false,"elType":"column"},{"id":"55071473","settings":{"_column_size":33,"_inline_size":15,"_inline_size_tablet":33},"elements":[{"id":"522a4362","settings":{"editor":"<p style=\"margin: 0;\"><a href=\"\/privacy-policy\/\">Privacy Policy<\/a><\/p><p><a href=\"\/terms-of-use\/\">Terms of Use<\/a><\/p>"},"elements":[],"isInner":false,"widgetType":"text-editor","elType":"widget"},{"id":"ac1b5c","settings":{"social_icon_list":[{"social_icon":{"value":"fab fa-linkedin","library":"fa-brands"},"_id":"5146b90","link":{"url":"https:\/\/www.linkedin.com\/company\/abmrc\/","is_external":"true","nofollow":"","custom_attributes":""}},{"social_icon":{"value":"fab fa-facebook","library":"fa-brands"},"_id":"22af61e","link":{"url":"https:\/\/www.facebook.com\/ABM-Respiratory-Care-102320835281322","is_external":"true","nofollow":"","custom_attributes":""}},{"social_icon":{"value":"fab fa-twitter","library":"fa-brands"},"_id":"f36afde","link":{"url":"https:\/\/twitter.com\/abmcare?lang=en","is_external":"true","nofollow":"","custom_attributes":""}}],"shape":"circle","align":"left","icon_color":"custom","icon_size":{"unit":"px","size":20,"sizes":[]},"__globals__":{"icon_primary_color":""},"align_mobile":"center","icon_primary_color":"#71CFEB"},"elements":[],"isInner":false,"widgetType":"social-icons","elType":"widget"}],"isInner":false,"elType":"column"}],"isInner":false,"elType":"section"},{"id":"35fc5a4b","settings":{"margin_mobile":{"unit":"rem","top":"1","right":0,"bottom":"0","left":0,"isLinked":false},"background_background":"classic","__globals__":{"background_color":"globals\/colors?id=e7dc6eb"}},"elements":[{"id":"1cb060a7","settings":{"_column_size":100,"_inline_size":null},"elements":[{"id":"666e5103","settings":{"editor":"<p><strong>\u00a92022 by ABM Respiratory Care<\/strong><\/p>","align":"center"},"elements":[],"isInner":false,"widgetType":"text-editor","elType":"widget"}],"isInner":false,"elType":"column"}],"isInner":false,"elType":"section"}],"page_settings":[],"version":"0.4","title":"Footer For Document Archive Pages","type":"footer"}