{"content":[{"id":"735b030","settings":{"content_position":"middle","structure":"20","background_background":"classic","__globals__":{"background_color":"globals\/colors?id=primary"},"layout":"full_width","gap":"no","padding":{"unit":"px","top":"10","right":"60","bottom":"10","left":"60","isLinked":false},"padding_mobile":{"unit":"px","top":"0","right":"20","bottom":"0","left":"20","isLinked":false}},"elements":[{"id":"7f0116ab","settings":{"_column_size":50,"_inline_size":90,"content_position":"center"},"elements":[{"id":"7993cd38","settings":{"editor":"<div id=\"header-links\">\n\n<a href=\"\/careers\/\">Careers <\/a>\n<a href=\"https:\/\/abmrc.com\/about\/#locations\">Locations <\/a>\n<a href=\"\/schedule-a-demo\/\">Schedule a Demo<\/a>\n\n<\/div>","align":"right","typography_typography":"custom","typography_font_family":"Roboto","typography_font_size_mobile":{"unit":"px","size":15,"sizes":[]},"typography_font_weight":"400"},"elements":[],"isInner":false,"widgetType":"text-editor","elType":"widget"}],"isInner":false,"elType":"column"},{"id":"44ed7d33","settings":{"_column_size":50,"_inline_size":10},"elements":[{"id":"3f60f200","settings":{"social_icon_list":[{"social_icon":{"value":"fab fa-linkedin","library":"fa-brands"},"_id":"f2413af","link":{"url":"https:\/\/www.linkedin.com\/company\/abmrc\/","is_external":"true","nofollow":"","custom_attributes":""}},{"social_icon":{"value":"fab fa-facebook","library":"fa-brands"},"_id":"d293d65","link":{"url":"https:\/\/www.facebook.com\/ABM-Respiratory-Care-102320835281322","is_external":"true","nofollow":"","custom_attributes":""}},{"social_icon":{"value":"fab fa-twitter","library":"fa-brands"},"_id":"5b88d98","link":{"url":"https:\/\/twitter.com\/abmcare?lang=en","is_external":"true","nofollow":"","custom_attributes":""}}],"shape":"circle","icon_color":"custom","icon_size":{"unit":"px","size":12,"sizes":[]},"__globals__":{"icon_primary_color":"globals\/colors?id=e881337"},"hide_mobile":"hidden-phone","_margin":{"unit":"px","top":"0","right":"0","bottom":"0","left":"0","isLinked":false}},"elements":[],"isInner":false,"widgetType":"social-icons","elType":"widget"}],"isInner":false,"elType":"column"}],"isInner":false,"elType":"section"},{"id":"1d703fec","settings":{"structure":"20","background_background":"classic","background_color":"#FFFFFF","padding":{"unit":"px","top":"10","right":"60","bottom":"10","left":"60","isLinked":false},"box_shadow_box_shadow_type":"yes","box_shadow_box_shadow":{"horizontal":0,"vertical":0,"blur":13,"spread":2,"color":"rgba(0, 0, 0, 0.38)"},"layout":"full_width","gap":"no","margin_mobile":{"unit":"px","top":"0","right":0,"bottom":"0","left":0,"isLinked":false},"padding_mobile":{"unit":"px","top":"8","right":"15","bottom":"8","left":"15","isLinked":false},"z_index":999},"elements":[{"id":"4e944b4d","settings":{"_column_size":50,"_inline_size":25,"_inline_size_mobile":50,"content_position":"center"},"elements":[{"id":"2a363409","settings":{"__dynamic__":{"image":"[elementor-tag id=\"\" name=\"site-logo\" settings=\"%7B%7D\"]","link":"[elementor-tag id=\"\" name=\"site-url\" settings=\"%7B%7D\"]"},"align":"left","space":{"unit":"%","size":40,"sizes":[]}},"elements":[],"isInner":false,"widgetType":"theme-site-logo","elType":"widget"}],"isInner":false,"elType":"column"},{"id":"dea36a","settings":{"_column_size":50,"_inline_size":75,"_inline_size_mobile":50,"content_position":"center","content_position_mobile":"center","space_between_widgets":0},"elements":[{"id":"15b86ad7","settings":{"align_items":"right","pointer":"none","animation_text":"rotate","text_align":"center","toggle_align":"right","menu_typography_typography":"custom","menu_typography_font_family":"Roboto","menu_typography_font_weight":"300","indicator":"none","full_width":"stretch","_margin_mobile":{"unit":"px","top":"0","right":"0","bottom":"0","left":"0","isLinked":false},"_element_width_mobile":"inherit","_element_custom_width_mobile":{"unit":"px","size":65,"sizes":[]},"_offset_orientation_h":"end","_offset_x_end":{"size":-1,"unit":"px"},"_offset_x_end_mobile":{"unit":"px","size":100,"sizes":[]},"_offset_y":{"size":4,"unit":"px"},"_offset_y_mobile":{"unit":"px","size":6,"sizes":[]},"dropdown":"mobile","submenu_icon":{"value":"","library":""},"color_menu_item_hover":"#F48440","color_menu_item_active":"#F48440","color_dropdown_item":"#57616E","color_dropdown_item_hover":"#FFFFFF","background_color_dropdown_item_hover":"#57616E","color_dropdown_item_active":"#F48440"},"elements":[],"isInner":false,"widgetType":"nav-menu","elType":"widget"}],"isInner":false,"elType":"column"}],"isInner":false,"elType":"section"}],"page_settings":{"background_background":"classic","custom_css":"#header-links a {\n    color: white;\n    margin-left: 1rem;\n    transition: .3s all;\n}\n\n#header-links a:hover {\n    color: #F48440;\n}","__globals__":{"background_color":""}},"version":"0.4","title":"Elementor Header #45","type":"header"}